text,tokens,token_ids
H,['H'],[39]
He,['He'],[1544]
Hel,['Hel'],[12621]
Hell,['Hell'],[28254]
Hello,['Hello'],[15496]
"Hello,","['Hello', ',']","[15496, 11]"
"Hello, ","['Hello', ',', 'Ġ']","[15496, 11, 220]"
"Hello, h","['Hello', ',', 'Ġh']","[15496, 11, 289]"
"Hello, ho","['Hello', ',', 'Ġho']","[15496, 11, 8169]"
"Hello, how","['Hello', ',', 'Ġhow']","[15496, 11, 703]"
"Hello, how ","['Hello', ',', 'Ġhow', 'Ġ']","[15496, 11, 703, 220]"
"Hello, how a","['Hello', ',', 'Ġhow', 'Ġa']","[15496, 11, 703, 257]"
"Hello, how ar","['Hello', ',', 'Ġhow', 'Ġar']","[15496, 11, 703, 610]"
"Hello, how are","['Hello', ',', 'Ġhow', 'Ġare']","[15496, 11, 703, 389]"
"Hello, how are ","['Hello', ',', 'Ġhow', 'Ġare', 'Ġ']","[15496, 11, 703, 389, 220]"
"Hello, how are y","['Hello', ',', 'Ġhow', 'Ġare', 'Ġy']","[15496, 11, 703, 389, 331]"
"Hello, how are yo","['Hello', ',', 'Ġhow', 'Ġare', 'Ġyo']","[15496, 11, 703, 389, 27406]"
"Hello, how are you","['Hello', ',', 'Ġhow', 'Ġare', 'Ġyou']","[15496, 11, 703, 389, 345]"
"Hello, how are you ","['Hello', ',', 'Ġhow', 'Ġare', 'Ġyou', 'Ġ']","[15496, 11, 703, 389, 345, 220]"
"Hello, how are you d","['Hello', ',', 'Ġhow', 'Ġare', 'Ġyou', 'Ġd']","[15496, 11, 703, 389, 345, 288]"
"Hello, how are you do","['Hello', ',', 'Ġhow', 'Ġare', 'Ġyou', 'Ġdo']","[15496, 11, 703, 389, 345, 466]"
"Hello, how are you doi","['Hello', ',', 'Ġhow', 'Ġare', 'Ġyou', 'Ġdoi']","[15496, 11, 703, 389, 345, 23899]"
"Hello, how are you doin","['Hello', ',', 'Ġhow', 'Ġare', 'Ġyou', 'Ġdo', 'in']","[15496, 11, 703, 389, 345, 466, 259]"
"Hello, how are you doing","['Hello', ',', 'Ġhow', 'Ġare', 'Ġyou', 'Ġdoing']","[15496, 11, 703, 389, 345, 1804]"
"Hello, how are you doing ","['Hello', ',', 'Ġhow', 'Ġare', 'Ġyou', 'Ġdoing', 'Ġ']","[15496, 11, 703, 389, 345, 1804, 220]"
"Hello, how are you doing t","['Hello', ',', 'Ġhow', 'Ġare', 'Ġyou', 'Ġdoing', 'Ġt']","[15496, 11, 703, 389, 345, 1804, 256]"
"Hello, how are you doing to","['Hello', ',', 'Ġhow', 'Ġare', 'Ġyou', 'Ġdoing', 'Ġto']","[15496, 11, 703, 389, 345, 1804, 284]"
"Hello, how are you doing tod","['Hello', ',', 'Ġhow', 'Ġare', 'Ġyou', 'Ġdoing', 'Ġto', 'd']","[15496, 11, 703, 389, 345, 1804, 284, 67]"
"Hello, how are you doing toda","['Hello', ',', 'Ġhow', 'Ġare', 'Ġyou', 'Ġdoing', 'Ġto', 'da']","[15496, 11, 703, 389, 345, 1804, 284, 6814]"
"Hello, how are you doing today","['Hello', ',', 'Ġhow', 'Ġare', 'Ġyou', 'Ġdoing', 'Ġtoday']","[15496, 11, 703, 389, 345, 1804, 1909]"
"Hello, how are you doing today?","['Hello', ',', 'Ġhow', 'Ġare', 'Ġyou', 'Ġdoing', 'Ġtoday', '?']","[15496, 11, 703, 389, 345, 1804, 1909, 30]"
"Hello, how are you doing today? ","['Hello', ',', 'Ġhow', 'Ġare', 'Ġyou', 'Ġdoing', 'Ġtoday', '?', 'Ġ']","[15496, 11, 703, 389, 345, 1804, 1909, 30, 220]"
"Hello, how are you doing today? I","['Hello', ',', 'Ġhow', 'Ġare', 'Ġyou', 'Ġdoing', 'Ġtoday', '?', 'ĠI']","[15496, 11, 703, 389, 345, 1804, 1909, 30, 314]"
"Hello, how are you doing today? I ","['Hello', ',', 'Ġhow', 'Ġare', 'Ġyou', 'Ġdoing', 'Ġtoday', '?', 'ĠI', 'Ġ']","[15496, 11, 703, 389, 345, 1804, 1909, 30, 314, 220]"
"Hello, how are you doing today? I w","['Hello', ',', 'Ġhow', 'Ġare', 'Ġyou', 'Ġdoing', 'Ġtoday', '?', 'ĠI', 'Ġw']","[15496, 11, 703, 389, 345, 1804, 1909, 30, 314, 266]"
"Hello, how are you doing today? I wa","['Hello', ',', 'Ġhow', 'Ġare', 'Ġyou', 'Ġdoing', 'Ġtoday', '?', 'ĠI', 'Ġwa']","[15496, 11, 703, 389, 345, 1804, 1909, 30, 314, 2082]"
"Hello, how are you doing today? I was","['Hello', ',', 'Ġhow', 'Ġare', 'Ġyou', 'Ġdoing', 'Ġtoday', '?', 'ĠI', 'Ġwas']","[15496, 11, 703, 389, 345, 1804, 1909, 30, 314, 373]"
"Hello, how are you doing today? I was ","['Hello', ',', 'Ġhow', 'Ġare', 'Ġyou', 'Ġdoing', 'Ġtoday', '?', 'ĠI', 'Ġwas', 'Ġ']","[15496, 11, 703, 389, 345, 1804, 1909, 30, 314, 373, 220]"
"Hello, how are you doing today? I was t","['Hello', ',', 'Ġhow', 'Ġare', 'Ġyou', 'Ġdoing', 'Ġtoday', '?', 'ĠI', 'Ġwas', 'Ġt']","[15496, 11, 703, 389, 345, 1804, 1909, 30, 314, 373, 256]"
"Hello, how are you doing today? I was th","['Hello', ',', 'Ġhow', 'Ġare', 'Ġyou', 'Ġdoing', 'Ġtoday', '?', 'ĠI', 'Ġwas', 'Ġth']","[15496, 11, 703, 389, 345, 1804, 1909, 30, 314, 373, 294]"
"Hello, how are you doing today? I was thi","['Hello', ',', 'Ġhow', 'Ġare', 'Ġyou', 'Ġdoing', 'Ġtoday', '?', 'ĠI', 'Ġwas', 'Ġth', 'i']","[15496, 11, 703, 389, 345, 1804, 1909, 30, 314, 373, 294, 72]"
"Hello, how are you doing today? I was thin","['Hello', ',', 'Ġhow', 'Ġare', 'Ġyou', 'Ġdoing', 'Ġtoday', '?', 'ĠI', 'Ġwas', 'Ġthin']","[15496, 11, 703, 389, 345, 1804, 1909, 30, 314, 373, 7888]"
"Hello, how are you doing today? I was think","['Hello', ',', 'Ġhow', 'Ġare', 'Ġyou', 'Ġdoing', 'Ġtoday', '?', 'ĠI', 'Ġwas', 'Ġthink']","[15496, 11, 703, 389, 345, 1804, 1909, 30, 314, 373, 892]"
"Hello, how are you doing today? I was thinki","['Hello', ',', 'Ġhow', 'Ġare', 'Ġyou', 'Ġdoing', 'Ġtoday', '?', 'ĠI', 'Ġwas', 'Ġthink', 'i']","[15496, 11, 703, 389, 345, 1804, 1909, 30, 314, 373, 892, 72]"
"Hello, how are you doing today? I was thinkin","['Hello', ',', 'Ġhow', 'Ġare', 'Ġyou', 'Ġdoing', 'Ġtoday', '?', 'ĠI', 'Ġwas', 'Ġthink', 'in']","[15496, 11, 703, 389, 345, 1804, 1909, 30, 314, 373, 892, 259]"
"Hello, how are you doing today? I was thinking","['Hello', ',', 'Ġhow', 'Ġare', 'Ġyou', 'Ġdoing', 'Ġtoday', '?', 'ĠI', 'Ġwas', 'Ġthinking']","[15496, 11, 703, 389, 345, 1804, 1909, 30, 314, 373, 3612]"
"Hello, how are you doing today? I was thinking ","['Hello', ',', 'Ġhow', 'Ġare', 'Ġyou', 'Ġdoing', 'Ġtoday', '?', 'ĠI', 'Ġwas', 'Ġthinking', 'Ġ']","[15496, 11, 703, 389, 345, 1804, 1909, 30, 314, 373, 3612, 220]"
"Hello, how are you doing today? I was thinking o","['Hello', ',', 'Ġhow', 'Ġare', 'Ġyou', 'Ġdoing', 'Ġtoday', '?', 'ĠI', 'Ġwas', 'Ġthinking', 'Ġo']","[15496, 11, 703, 389, 345, 1804, 1909, 30, 314, 373, 3612, 267]"
"Hello, how are you doing today? I was thinking on","['Hello', ',', 'Ġhow', 'Ġare', 'Ġyou', 'Ġdoing', 'Ġtoday', '?', 'ĠI', 'Ġwas', 'Ġthinking', 'Ġon']","[15496, 11, 703, 389, 345, 1804, 1909, 30, 314, 373, 3612, 319]"
"Hello, how are you doing today? I was thinking on ","['Hello', ',', 'Ġhow', 'Ġare', 'Ġyou', 'Ġdoing', 'Ġtoday', '?', 'ĠI', 'Ġwas', 'Ġthinking', 'Ġon', 'Ġ']","[15496, 11, 703, 389, 345, 1804, 1909, 30, 314, 373, 3612, 319, 220]"
"Hello, how are you doing today? I was thinking on g","['Hello', ',', 'Ġhow', 'Ġare', 'Ġyou', 'Ġdoing', 'Ġtoday', '?', 'ĠI', 'Ġwas', 'Ġthinking', 'Ġon', 'Ġg']","[15496, 11, 703, 389, 345, 1804, 1909, 30, 314, 373, 3612, 319, 308]"
"Hello, how are you doing today? I was thinking on go","['Hello', ',', 'Ġhow', 'Ġare', 'Ġyou', 'Ġdoing', 'Ġtoday', '?', 'ĠI', 'Ġwas', 'Ġthinking', 'Ġon', 'Ġgo']","[15496, 11, 703, 389, 345, 1804, 1909, 30, 314, 373, 3612, 319, 467]"
"Hello, how are you doing today? I was thinking on goi","['Hello', ',', 'Ġhow', 'Ġare', 'Ġyou', 'Ġdoing', 'Ġtoday', '?', 'ĠI', 'Ġwas', 'Ġthinking', 'Ġon', 'Ġgo', 'i']","[15496, 11, 703, 389, 345, 1804, 1909, 30, 314, 373, 3612, 319, 467, 72]"
"Hello, how are you doing today? I was thinking on goin","['Hello', ',', 'Ġhow', 'Ġare', 'Ġyou', 'Ġdoing', 'Ġtoday', '?', 'ĠI', 'Ġwas', 'Ġthinking', 'Ġon', 'Ġgo', 'in']","[15496, 11, 703, 389, 345, 1804, 1909, 30, 314, 373, 3612, 319, 467, 259]"
"Hello, how are you doing today? I was thinking on going","['Hello', ',', 'Ġhow', 'Ġare', 'Ġyou', 'Ġdoing', 'Ġtoday', '?', 'ĠI', 'Ġwas', 'Ġthinking', 'Ġon', 'Ġgoing']","[15496, 11, 703, 389, 345, 1804, 1909, 30, 314, 373, 3612, 319, 1016]"
"Hello, how are you doing today? I was thinking on going ","['Hello', ',', 'Ġhow', 'Ġare', 'Ġyou', 'Ġdoing', 'Ġtoday', '?', 'ĠI', 'Ġwas', 'Ġthinking', 'Ġon', 'Ġgoing', 'Ġ']","[15496, 11, 703, 389, 345, 1804, 1909, 30, 314, 373, 3612, 319, 1016, 220]"
"Hello, how are you doing today? I was thinking on going t","['Hello', ',', 'Ġhow', 'Ġare', 'Ġyou', 'Ġdoing', 'Ġtoday', '?', 'ĠI', 'Ġwas', 'Ġthinking', 'Ġon', 'Ġgoing', 'Ġt']","[15496, 11, 703, 389, 345, 1804, 1909, 30, 314, 373, 3612, 319, 1016, 256]"
"Hello, how are you doing today? I was thinking on going to","['Hello', ',', 'Ġhow', 'Ġare', 'Ġyou', 'Ġdoing', 'Ġtoday', '?', 'ĠI', 'Ġwas', 'Ġthinking', 'Ġon', 'Ġgoing', 'Ġto']","[15496, 11, 703, 389, 345, 1804, 1909, 30, 314, 373, 3612, 319, 1016, 284]"
"Hello, how are you doing today? I was thinking on going to ","['Hello', ',', 'Ġhow', 'Ġare', 'Ġyou', 'Ġdoing', 'Ġtoday', '?', 'ĠI', 'Ġwas', 'Ġthinking', 'Ġon', 'Ġgoing', 'Ġto', 'Ġ']","[15496, 11, 703, 389, 345, 1804, 1909, 30, 314, 373, 3612, 319, 1016, 284, 220]"
"Hello, how are you doing today? I was thinking on going to t","['Hello', ',', 'Ġhow', 'Ġare', 'Ġyou', 'Ġdoing', 'Ġtoday', '?', 'ĠI', 'Ġwas', 'Ġthinking', 'Ġon', 'Ġgoing', 'Ġto', 'Ġt']","[15496, 11, 703, 389, 345, 1804, 1909, 30, 314, 373, 3612, 319, 1016, 284, 256]"
"Hello, how are you doing today? I was thinking on going to th","['Hello', ',', 'Ġhow', 'Ġare', 'Ġyou', 'Ġdoing', 'Ġtoday', '?', 'ĠI', 'Ġwas', 'Ġthinking', 'Ġon', 'Ġgoing', 'Ġto', 'Ġth']","[15496, 11, 703, 389, 345, 1804, 1909, 30, 314, 373, 3612, 319, 1016, 284, 294]"
"Hello, how are you doing today? I was thinking on going to the","['Hello', ',', 'Ġhow', 'Ġare', 'Ġyou', 'Ġdoing', 'Ġtoday', '?', 'ĠI', 'Ġwas', 'Ġthinking', 'Ġon', 'Ġgoing', 'Ġto', 'Ġthe']","[15496, 11, 703, 389, 345, 1804, 1909, 30, 314, 373, 3612, 319, 1016, 284, 262]"
"Hello, how are you doing today? I was thinking on going to the ","['Hello', ',', 'Ġhow', 'Ġare', 'Ġyou', 'Ġdoing', 'Ġtoday', '?', 'ĠI', 'Ġwas', 'Ġthinking', 'Ġon', 'Ġgoing', 'Ġto', 'Ġthe', 'Ġ']","[15496, 11, 703, 389, 345, 1804, 1909, 30, 314, 373, 3612, 319, 1016, 284, 262, 220]"
"Hello, how are you doing today? I was thinking on going to the p","['Hello', ',', 'Ġhow', 'Ġare', 'Ġyou', 'Ġdoing', 'Ġtoday', '?', 'ĠI', 'Ġwas', 'Ġthinking', 'Ġon', 'Ġgoing', 'Ġto', 'Ġthe', 'Ġp']","[15496, 11, 703, 389, 345, 1804, 1909, 30, 314, 373, 3612, 319, 1016, 284, 262, 279]"
"Hello, how are you doing today? I was thinking on going to the pa","['Hello', ',', 'Ġhow', 'Ġare', 'Ġyou', 'Ġdoing', 'Ġtoday', '?', 'ĠI', 'Ġwas', 'Ġthinking', 'Ġon', 'Ġgoing', 'Ġto', 'Ġthe', 'Ġpa']","[15496, 11, 703, 389, 345, 1804, 1909, 30, 314, 373, 3612, 319, 1016, 284, 262, 14187]"
"Hello, how are you doing today? I was thinking on going to the par","['Hello', ',', 'Ġhow', 'Ġare', 'Ġyou', 'Ġdoing', 'Ġtoday', '?', 'ĠI', 'Ġwas', 'Ġthinking', 'Ġon', 'Ġgoing', 'Ġto', 'Ġthe', 'Ġpar']","[15496, 11, 703, 389, 345, 1804, 1909, 30, 314, 373, 3612, 319, 1016, 284, 262, 1582]"
"Hello, how are you doing today? I was thinking on going to the park","['Hello', ',', 'Ġhow', 'Ġare', 'Ġyou', 'Ġdoing', 'Ġtoday', '?', 'ĠI', 'Ġwas', 'Ġthinking', 'Ġon', 'Ġgoing', 'Ġto', 'Ġthe', 'Ġpark']","[15496, 11, 703, 389, 345, 1804, 1909, 30, 314, 373, 3612, 319, 1016, 284, 262, 3952]"
"Hello, how are you doing today? I was thinking on going to the park ","['Hello', ',', 'Ġhow', 'Ġare', 'Ġyou', 'Ġdoing', 'Ġtoday', '?', 'ĠI', 'Ġwas', 'Ġthinking', 'Ġon', 'Ġgoing', 'Ġto', 'Ġthe', 'Ġpark', 'Ġ']","[15496, 11, 703, 389, 345, 1804, 1909, 30, 314, 373, 3612, 319, 1016, 284, 262, 3952, 220]"
"Hello, how are you doing today? I was thinking on going to the park t","['Hello', ',', 'Ġhow', 'Ġare', 'Ġyou', 'Ġdoing', 'Ġtoday', '?', 'ĠI', 'Ġwas', 'Ġthinking', 'Ġon', 'Ġgoing', 'Ġto', 'Ġthe', 'Ġpark', 'Ġt']","[15496, 11, 703, 389, 345, 1804, 1909, 30, 314, 373, 3612, 319, 1016, 284, 262, 3952, 256]"
"Hello, how are you doing today? I was thinking on going to the park to","['Hello', ',', 'Ġhow', 'Ġare', 'Ġyou', 'Ġdoing', 'Ġtoday', '?', 'ĠI', 'Ġwas', 'Ġthinking', 'Ġon', 'Ġgoing', 'Ġto', 'Ġthe', 'Ġpark', 'Ġto']","[15496, 11, 703, 389, 345, 1804, 1909, 30, 314, 373, 3612, 319, 1016, 284, 262, 3952, 284]"
"Hello, how are you doing today? I was thinking on going to the park to ","['Hello', ',', 'Ġhow', 'Ġare', 'Ġyou', 'Ġdoing', 'Ġtoday', '?', 'ĠI', 'Ġwas', 'Ġthinking', 'Ġon', 'Ġgoing', 'Ġto', 'Ġthe', 'Ġpark', 'Ġto', 'Ġ']","[15496, 11, 703, 389, 345, 1804, 1909, 30, 314, 373, 3612, 319, 1016, 284, 262, 3952, 284, 220]"
"Hello, how are you doing today? I was thinking on going to the park to e","['Hello', ',', 'Ġhow', 'Ġare', 'Ġyou', 'Ġdoing', 'Ġtoday', '?', 'ĠI', 'Ġwas', 'Ġthinking', 'Ġon', 'Ġgoing', 'Ġto', 'Ġthe', 'Ġpark', 'Ġto', 'Ġe']","[15496, 11, 703, 389, 345, 1804, 1909, 30, 314, 373, 3612, 319, 1016, 284, 262, 3952, 284, 304]"
"Hello, how are you doing today? I was thinking on going to the park to ea","['Hello', ',', 'Ġhow', 'Ġare', 'Ġyou', 'Ġdoing', 'Ġtoday', '?', 'ĠI', 'Ġwas', 'Ġthinking', 'Ġon', 'Ġgoing', 'Ġto', 'Ġthe', 'Ġpark', 'Ġto', 'Ġe', 'a']","[15496, 11, 703, 389, 345, 1804, 1909, 30, 314, 373, 3612, 319, 1016, 284, 262, 3952, 284, 304, 64]"
"Hello, how are you doing today? I was thinking on going to the park to eat","['Hello', ',', 'Ġhow', 'Ġare', 'Ġyou', 'Ġdoing', 'Ġtoday', '?', 'ĠI', 'Ġwas', 'Ġthinking', 'Ġon', 'Ġgoing', 'Ġto', 'Ġthe', 'Ġpark', 'Ġto', 'Ġeat']","[15496, 11, 703, 389, 345, 1804, 1909, 30, 314, 373, 3612, 319, 1016, 284, 262, 3952, 284, 4483]"
"Hello, how are you doing today? I was thinking on going to the park to eat ","['Hello', ',', 'Ġhow', 'Ġare', 'Ġyou', 'Ġdoing', 'Ġtoday', '?', 'ĠI', 'Ġwas', 'Ġthinking', 'Ġon', 'Ġgoing', 'Ġto', 'Ġthe', 'Ġpark', 'Ġto', 'Ġeat', 'Ġ']","[15496, 11, 703, 389, 345, 1804, 1909, 30, 314, 373, 3612, 319, 1016, 284, 262, 3952, 284, 4483, 220]"
"Hello, how are you doing today? I was thinking on going to the park to eat s","['Hello', ',', 'Ġhow', 'Ġare', 'Ġyou', 'Ġdoing', 'Ġtoday', '?', 'ĠI', 'Ġwas', 'Ġthinking', 'Ġon', 'Ġgoing', 'Ġto', 'Ġthe', 'Ġpark', 'Ġto', 'Ġeat', 'Ġs']","[15496, 11, 703, 389, 345, 1804, 1909, 30, 314, 373, 3612, 319, 1016, 284, 262, 3952, 284, 4483, 264]"
"Hello, how are you doing today? I was thinking on going to the park to eat so","['Hello', ',', 'Ġhow', 'Ġare', 'Ġyou', 'Ġdoing', 'Ġtoday', '?', 'ĠI', 'Ġwas', 'Ġthinking', 'Ġon', 'Ġgoing', 'Ġto', 'Ġthe', 'Ġpark', 'Ġto', 'Ġeat', 'Ġso']","[15496, 11, 703, 389, 345, 1804, 1909, 30, 314, 373, 3612, 319, 1016, 284, 262, 3952, 284, 4483, 523]"
"Hello, how are you doing today? I was thinking on going to the park to eat som","['Hello', ',', 'Ġhow', 'Ġare', 'Ġyou', 'Ġdoing', 'Ġtoday', '?', 'ĠI', 'Ġwas', 'Ġthinking', 'Ġon', 'Ġgoing', 'Ġto', 'Ġthe', 'Ġpark', 'Ġto', 'Ġeat', 'Ġsom']","[15496, 11, 703, 389, 345, 1804, 1909, 30, 314, 373, 3612, 319, 1016, 284, 262, 3952, 284, 4483, 3870]"
"Hello, how are you doing today? I was thinking on going to the park to eat some","['Hello', ',', 'Ġhow', 'Ġare', 'Ġyou', 'Ġdoing', 'Ġtoday', '?', 'ĠI', 'Ġwas', 'Ġthinking', 'Ġon', 'Ġgoing', 'Ġto', 'Ġthe', 'Ġpark', 'Ġto', 'Ġeat', 'Ġsome']","[15496, 11, 703, 389, 345, 1804, 1909, 30, 314, 373, 3612, 319, 1016, 284, 262, 3952, 284, 4483, 617]"
"Hello, how are you doing today? I was thinking on going to the park to eat some ","['Hello', ',', 'Ġhow', 'Ġare', 'Ġyou', 'Ġdoing', 'Ġtoday', '?', 'ĠI', 'Ġwas', 'Ġthinking', 'Ġon', 'Ġgoing', 'Ġto', 'Ġthe', 'Ġpark', 'Ġto', 'Ġeat', 'Ġsome', 'Ġ']","[15496, 11, 703, 389, 345, 1804, 1909, 30, 314, 373, 3612, 319, 1016, 284, 262, 3952, 284, 4483, 617, 220]"
"Hello, how are you doing today? I was thinking on going to the park to eat some w","['Hello', ',', 'Ġhow', 'Ġare', 'Ġyou', 'Ġdoing', 'Ġtoday', '?', 'ĠI', 'Ġwas', 'Ġthinking', 'Ġon', 'Ġgoing', 'Ġto', 'Ġthe', 'Ġpark', 'Ġto', 'Ġeat', 'Ġsome', 'Ġw']","[15496, 11, 703, 389, 345, 1804, 1909, 30, 314, 373, 3612, 319, 1016, 284, 262, 3952, 284, 4483, 617, 266]"
"Hello, how are you doing today? I was thinking on going to the park to eat some wa","['Hello', ',', 'Ġhow', 'Ġare', 'Ġyou', 'Ġdoing', 'Ġtoday', '?', 'ĠI', 'Ġwas', 'Ġthinking', 'Ġon', 'Ġgoing', 'Ġto', 'Ġthe', 'Ġpark', 'Ġto', 'Ġeat', 'Ġsome', 'Ġwa']","[15496, 11, 703, 389, 345, 1804, 1909, 30, 314, 373, 3612, 319, 1016, 284, 262, 3952, 284, 4483, 617, 2082]"
"Hello, how are you doing today? I was thinking on going to the park to eat some wat","['Hello', ',', 'Ġhow', 'Ġare', 'Ġyou', 'Ġdoing', 'Ġtoday', '?', 'ĠI', 'Ġwas', 'Ġthinking', 'Ġon', 'Ġgoing', 'Ġto', 'Ġthe', 'Ġpark', 'Ġto', 'Ġeat', 'Ġsome', 'Ġwat']","[15496, 11, 703, 389, 345, 1804, 1909, 30, 314, 373, 3612, 319, 1016, 284, 262, 3952, 284, 4483, 617, 4383]"
"Hello, how are you doing today? I was thinking on going to the park to eat some wate","['Hello', ',', 'Ġhow', 'Ġare', 'Ġyou', 'Ġdoing', 'Ġtoday', '?', 'ĠI', 'Ġwas', 'Ġthinking', 'Ġon', 'Ġgoing', 'Ġto', 'Ġthe', 'Ġpark', 'Ġto', 'Ġeat', 'Ġsome', 'Ġw', 'ate']","[15496, 11, 703, 389, 345, 1804, 1909, 30, 314, 373, 3612, 319, 1016, 284, 262, 3952, 284, 4483, 617, 266, 378]"
"Hello, how are you doing today? I was thinking on going to the park to eat some water","['Hello', ',', 'Ġhow', 'Ġare', 'Ġyou', 'Ġdoing', 'Ġtoday', '?', 'ĠI', 'Ġwas', 'Ġthinking', 'Ġon', 'Ġgoing', 'Ġto', 'Ġthe', 'Ġpark', 'Ġto', 'Ġeat', 'Ġsome', 'Ġwater']","[15496, 11, 703, 389, 345, 1804, 1909, 30, 314, 373, 3612, 319, 1016, 284, 262, 3952, 284, 4483, 617, 1660]"
"Hello, how are you doing today? I was thinking on going to the park to eat some waterm","['Hello', ',', 'Ġhow', 'Ġare', 'Ġyou', 'Ġdoing', 'Ġtoday', '?', 'ĠI', 'Ġwas', 'Ġthinking', 'Ġon', 'Ġgoing', 'Ġto', 'Ġthe', 'Ġpark', 'Ġto', 'Ġeat', 'Ġsome', 'Ġwater', 'm']","[15496, 11, 703, 389, 345, 1804, 1909, 30, 314, 373, 3612, 319, 1016, 284, 262, 3952, 284, 4483, 617, 1660, 76]"
"Hello, how are you doing today? I was thinking on going to the park to eat some waterme","['Hello', ',', 'Ġhow', 'Ġare', 'Ġyou', 'Ġdoing', 'Ġtoday', '?', 'ĠI', 'Ġwas', 'Ġthinking', 'Ġon', 'Ġgoing', 'Ġto', 'Ġthe', 'Ġpark', 'Ġto', 'Ġeat', 'Ġsome', 'Ġwater', 'me']","[15496, 11, 703, 389, 345, 1804, 1909, 30, 314, 373, 3612, 319, 1016, 284, 262, 3952, 284, 4483, 617, 1660, 1326]"
"Hello, how are you doing today? I was thinking on going to the park to eat some watermel","['Hello', ',', 'Ġhow', 'Ġare', 'Ġyou', 'Ġdoing', 'Ġtoday', '?', 'ĠI', 'Ġwas', 'Ġthinking', 'Ġon', 'Ġgoing', 'Ġto', 'Ġthe', 'Ġpark', 'Ġto', 'Ġeat', 'Ġsome', 'Ġwater', 'mel']","[15496, 11, 703, 389, 345, 1804, 1909, 30, 314, 373, 3612, 319, 1016, 284, 262, 3952, 284, 4483, 617, 1660, 17694]"
"Hello, how are you doing today? I was thinking on going to the park to eat some watermelo","['Hello', ',', 'Ġhow', 'Ġare', 'Ġyou', 'Ġdoing', 'Ġtoday', '?', 'ĠI', 'Ġwas', 'Ġthinking', 'Ġon', 'Ġgoing', 'Ġto', 'Ġthe', 'Ġpark', 'Ġto', 'Ġeat', 'Ġsome', 'Ġwater', 'mel', 'o']","[15496, 11, 703, 389, 345, 1804, 1909, 30, 314, 373, 3612, 319, 1016, 284, 262, 3952, 284, 4483, 617, 1660, 17694, 78]"
"Hello, how are you doing today? I was thinking on going to the park to eat some watermelon","['Hello', ',', 'Ġhow', 'Ġare', 'Ġyou', 'Ġdoing', 'Ġtoday', '?', 'ĠI', 'Ġwas', 'Ġthinking', 'Ġon', 'Ġgoing', 'Ġto', 'Ġthe', 'Ġpark', 'Ġto', 'Ġeat', 'Ġsome', 'Ġwater', 'melon']","[15496, 11, 703, 389, 345, 1804, 1909, 30, 314, 373, 3612, 319, 1016, 284, 262, 3952, 284, 4483, 617, 1660, 45690]"
"Hello, how are you doing today? I was thinking on going to the park to eat some watermelon.","['Hello', ',', 'Ġhow', 'Ġare', 'Ġyou', 'Ġdoing', 'Ġtoday', '?', 'ĠI', 'Ġwas', 'Ġthinking', 'Ġon', 'Ġgoing', 'Ġto', 'Ġthe', 'Ġpark', 'Ġto', 'Ġeat', 'Ġsome', 'Ġwater', 'melon', '.']","[15496, 11, 703, 389, 345, 1804, 1909, 30, 314, 373, 3612, 319, 1016, 284, 262, 3952, 284, 4483, 617, 1660, 45690, 13]"
"Hello, how are you doing today? I was thinking on going to the park to eat some watermelon. ","['Hello', ',', 'Ġhow', 'Ġare', 'Ġyou', 'Ġdoing', 'Ġtoday', '?', 'ĠI', 'Ġwas', 'Ġthinking', 'Ġon', 'Ġgoing', 'Ġto', 'Ġthe', 'Ġpark', 'Ġto', 'Ġeat', 'Ġsome', 'Ġwater', 'melon', '.', 'Ġ']","[15496, 11, 703, 389, 345, 1804, 1909, 30, 314, 373, 3612, 319, 1016, 284, 262, 3952, 284, 4483, 617, 1660, 45690, 13, 220]"
"Hello, how are you doing today? I was thinking on going to the park to eat some watermelon. T","['Hello', ',', 'Ġhow', 'Ġare', 'Ġyou', 'Ġdoing', 'Ġtoday', '?', 'ĠI', 'Ġwas', 'Ġthinking', 'Ġon', 'Ġgoing', 'Ġto', 'Ġthe', 'Ġpark', 'Ġto', 'Ġeat', 'Ġsome', 'Ġwater', 'melon', '.', 'ĠT']","[15496, 11, 703, 389, 345, 1804, 1909, 30, 314, 373, 3612, 319, 1016, 284, 262, 3952, 284, 4483, 617, 1660, 45690, 13, 309]"
"Hello, how are you doing today? I was thinking on going to the park to eat some watermelon. Th","['Hello', ',', 'Ġhow', 'Ġare', 'Ġyou', 'Ġdoing', 'Ġtoday', '?', 'ĠI', 'Ġwas', 'Ġthinking', 'Ġon', 'Ġgoing', 'Ġto', 'Ġthe', 'Ġpark', 'Ġto', 'Ġeat', 'Ġsome', 'Ġwater', 'melon', '.', 'ĠTh']","[15496, 11, 703, 389, 345, 1804, 1909, 30, 314, 373, 3612, 319, 1016, 284, 262, 3952, 284, 4483, 617, 1660, 45690, 13, 536]"
"Hello, how are you doing today? I was thinking on going to the park to eat some watermelon. The","['Hello', ',', 'Ġhow', 'Ġare', 'Ġyou', 'Ġdoing', 'Ġtoday', '?', 'ĠI', 'Ġwas', 'Ġthinking', 'Ġon', 'Ġgoing', 'Ġto', 'Ġthe', 'Ġpark', 'Ġto', 'Ġeat', 'Ġsome', 'Ġwater', 'melon', '.', 'ĠThe']","[15496, 11, 703, 389, 345, 1804, 1909, 30, 314, 373, 3612, 319, 1016, 284, 262, 3952, 284, 4483, 617, 1660, 45690, 13, 383]"
"Hello, how are you doing today? I was thinking on going to the park to eat some watermelon. The ","['Hello', ',', 'Ġhow', 'Ġare', 'Ġyou', 'Ġdoing', 'Ġtoday', '?', 'ĠI', 'Ġwas', 'Ġthinking', 'Ġon', 'Ġgoing', 'Ġto', 'Ġthe', 'Ġpark', 'Ġto', 'Ġeat', 'Ġsome', 'Ġwater', 'melon', '.', 'ĠThe', 'Ġ']","[15496, 11, 703, 389, 345, 1804, 1909, 30, 314, 373, 3612, 319, 1016, 284, 262, 3952, 284, 4483, 617, 1660, 45690, 13, 383, 220]"
"Hello, how are you doing today? I was thinking on going to the park to eat some watermelon. The t","['Hello', ',', 'Ġhow', 'Ġare', 'Ġyou', 'Ġdoing', 'Ġtoday', '?', 'ĠI', 'Ġwas', 'Ġthinking', 'Ġon', 'Ġgoing', 'Ġto', 'Ġthe', 'Ġpark', 'Ġto', 'Ġeat', 'Ġsome', 'Ġwater', 'melon', '.', 'ĠThe', 'Ġt']","[15496, 11, 703, 389, 345, 1804, 1909, 30, 314, 373, 3612, 319, 1016, 284, 262, 3952, 284, 4483, 617, 1660, 45690, 13, 383, 256]"
"Hello, how are you doing today? I was thinking on going to the park to eat some watermelon. The th","['Hello', ',', 'Ġhow', 'Ġare', 'Ġyou', 'Ġdoing', 'Ġtoday', '?', 'ĠI', 'Ġwas', 'Ġthinking', 'Ġon', 'Ġgoing', 'Ġto', 'Ġthe', 'Ġpark', 'Ġto', 'Ġeat', 'Ġsome', 'Ġwater', 'melon', '.', 'ĠThe', 'Ġth']","[15496, 11, 703, 389, 345, 1804, 1909, 30, 314, 373, 3612, 319, 1016, 284, 262, 3952, 284, 4483, 617, 1660, 45690, 13, 383, 294]"
"Hello, how are you doing today? I was thinking on going to the park to eat some watermelon. The thi","['Hello', ',', 'Ġhow', 'Ġare', 'Ġyou', 'Ġdoing', 'Ġtoday', '?', 'ĠI', 'Ġwas', 'Ġthinking', 'Ġon', 'Ġgoing', 'Ġto', 'Ġthe', 'Ġpark', 'Ġto', 'Ġeat', 'Ġsome', 'Ġwater', 'melon', '.', 'ĠThe', 'Ġth', 'i']","[15496, 11, 703, 389, 345, 1804, 1909, 30, 314, 373, 3612, 319, 1016, 284, 262, 3952, 284, 4483, 617, 1660, 45690, 13, 383, 294, 72]"
"Hello, how are you doing today? I was thinking on going to the park to eat some watermelon. The thin","['Hello', ',', 'Ġhow', 'Ġare', 'Ġyou', 'Ġdoing', 'Ġtoday', '?', 'ĠI', 'Ġwas', 'Ġthinking', 'Ġon', 'Ġgoing', 'Ġto', 'Ġthe', 'Ġpark', 'Ġto', 'Ġeat', 'Ġsome', 'Ġwater', 'melon', '.', 'ĠThe', 'Ġthin']","[15496, 11, 703, 389, 345, 1804, 1909, 30, 314, 373, 3612, 319, 1016, 284, 262, 3952, 284, 4483, 617, 1660, 45690, 13, 383, 7888]"
"Hello, how are you doing today? I was thinking on going to the park to eat some watermelon. The thing","['Hello', ',', 'Ġhow', 'Ġare', 'Ġyou', 'Ġdoing', 'Ġtoday', '?', 'ĠI', 'Ġwas', 'Ġthinking', 'Ġon', 'Ġgoing', 'Ġto', 'Ġthe', 'Ġpark', 'Ġto', 'Ġeat', 'Ġsome', 'Ġwater', 'melon', '.', 'ĠThe', 'Ġthing']","[15496, 11, 703, 389, 345, 1804, 1909, 30, 314, 373, 3612, 319, 1016, 284, 262, 3952, 284, 4483, 617, 1660, 45690, 13, 383, 1517]"
"Hello, how are you doing today? I was thinking on going to the park to eat some watermelon. The thing ","['Hello', ',', 'Ġhow', 'Ġare', 'Ġyou', 'Ġdoing', 'Ġtoday', '?', 'ĠI', 'Ġwas', 'Ġthinking', 'Ġon', 'Ġgoing', 'Ġto', 'Ġthe', 'Ġpark', 'Ġto', 'Ġeat', 'Ġsome', 'Ġwater', 'melon', '.', 'ĠThe', 'Ġthing', 'Ġ']","[15496, 11, 703, 389, 345, 1804, 1909, 30, 314, 373, 3612, 319, 1016, 284, 262, 3952, 284, 4483, 617, 1660, 45690, 13, 383, 1517, 220]"
"Hello, how are you doing today? I was thinking on going to the park to eat some watermelon. The thing a","['Hello', ',', 'Ġhow', 'Ġare', 'Ġyou', 'Ġdoing', 'Ġtoday', '?', 'ĠI', 'Ġwas', 'Ġthinking', 'Ġon', 'Ġgoing', 'Ġto', 'Ġthe', 'Ġpark', 'Ġto', 'Ġeat', 'Ġsome', 'Ġwater', 'melon', '.', 'ĠThe', 'Ġthing', 'Ġa']","[15496, 11, 703, 389, 345, 1804, 1909, 30, 314, 373, 3612, 319, 1016, 284, 262, 3952, 284, 4483, 617, 1660, 45690, 13, 383, 1517, 257]"
"Hello, how are you doing today? I was thinking on going to the park to eat some watermelon. The thing ab","['Hello', ',', 'Ġhow', 'Ġare', 'Ġyou', 'Ġdoing', 'Ġtoday', '?', 'ĠI', 'Ġwas', 'Ġthinking', 'Ġon', 'Ġgoing', 'Ġto', 'Ġthe', 'Ġpark', 'Ġto', 'Ġeat', 'Ġsome', 'Ġwater', 'melon', '.', 'ĠThe', 'Ġthing', 'Ġab']","[15496, 11, 703, 389, 345, 1804, 1909, 30, 314, 373, 3612, 319, 1016, 284, 262, 3952, 284, 4483, 617, 1660, 45690, 13, 383, 1517, 450]"
"Hello, how are you doing today? I was thinking on going to the park to eat some watermelon. The thing abo","['Hello', ',', 'Ġhow', 'Ġare', 'Ġyou', 'Ġdoing', 'Ġtoday', '?', 'ĠI', 'Ġwas', 'Ġthinking', 'Ġon', 'Ġgoing', 'Ġto', 'Ġthe', 'Ġpark', 'Ġto', 'Ġeat', 'Ġsome', 'Ġwater', 'melon', '.', 'ĠThe', 'Ġthing', 'Ġab', 'o']","[15496, 11, 703, 389, 345, 1804, 1909, 30, 314, 373, 3612, 319, 1016, 284, 262, 3952, 284, 4483, 617, 1660, 45690, 13, 383, 1517, 450, 78]"
"Hello, how are you doing today? I was thinking on going to the park to eat some watermelon. The thing abou","['Hello', ',', 'Ġhow', 'Ġare', 'Ġyou', 'Ġdoing', 'Ġtoday', '?', 'ĠI', 'Ġwas', 'Ġthinking', 'Ġon', 'Ġgoing', 'Ġto', 'Ġthe', 'Ġpark', 'Ġto', 'Ġeat', 'Ġsome', 'Ġwater', 'melon', '.', 'ĠThe', 'Ġthing', 'Ġab', 'ou']","[15496, 11, 703, 389, 345, 1804, 1909, 30, 314, 373, 3612, 319, 1016, 284, 262, 3952, 284, 4483, 617, 1660, 45690, 13, 383, 1517, 450, 280]"
"Hello, how are you doing today? I was thinking on going to the park to eat some watermelon. The thing about","['Hello', ',', 'Ġhow', 'Ġare', 'Ġyou', 'Ġdoing', 'Ġtoday', '?', 'ĠI', 'Ġwas', 'Ġthinking', 'Ġon', 'Ġgoing', 'Ġto', 'Ġthe', 'Ġpark', 'Ġto', 'Ġeat', 'Ġsome', 'Ġwater', 'melon', '.', 'ĠThe', 'Ġthing', 'Ġabout']","[15496, 11, 703, 389, 345, 1804, 1909, 30, 314, 373, 3612, 319, 1016, 284, 262, 3952, 284, 4483, 617, 1660, 45690, 13, 383, 1517, 546]"
"Hello, how are you doing today? I was thinking on going to the park to eat some watermelon. The thing about ","['Hello', ',', 'Ġhow', 'Ġare', 'Ġyou', 'Ġdoing', 'Ġtoday', '?', 'ĠI', 'Ġwas', 'Ġthinking', 'Ġon', 'Ġgoing', 'Ġto', 'Ġthe', 'Ġpark', 'Ġto', 'Ġeat', 'Ġsome', 'Ġwater', 'melon', '.', 'ĠThe', 'Ġthing', 'Ġabout', 'Ġ']","[15496, 11, 703, 389, 345, 1804, 1909, 30, 314, 373, 3612, 319, 1016, 284, 262, 3952, 284, 4483, 617, 1660, 45690, 13, 383, 1517, 546, 220]"
"Hello, how are you doing today? I was thinking on going to the park to eat some watermelon. The thing about w","['Hello', ',', 'Ġhow', 'Ġare', 'Ġyou', 'Ġdoing', 'Ġtoday', '?', 'ĠI', 'Ġwas', 'Ġthinking', 'Ġon', 'Ġgoing', 'Ġto', 'Ġthe', 'Ġpark', 'Ġto', 'Ġeat', 'Ġsome', 'Ġwater', 'melon', '.', 'ĠThe', 'Ġthing', 'Ġabout', 'Ġw']","[15496, 11, 703, 389, 345, 1804, 1909, 30, 314, 373, 3612, 319, 1016, 284, 262, 3952, 284, 4483, 617, 1660, 45690, 13, 383, 1517, 546, 266]"
"Hello, how are you doing today? I was thinking on going to the park to eat some watermelon. The thing about wa","['Hello', ',', 'Ġhow', 'Ġare', 'Ġyou', 'Ġdoing', 'Ġtoday', '?', 'ĠI', 'Ġwas', 'Ġthinking', 'Ġon', 'Ġgoing', 'Ġto', 'Ġthe', 'Ġpark', 'Ġto', 'Ġeat', 'Ġsome', 'Ġwater', 'melon', '.', 'ĠThe', 'Ġthing', 'Ġabout', 'Ġwa']","[15496, 11, 703, 389, 345, 1804, 1909, 30, 314, 373, 3612, 319, 1016, 284, 262, 3952, 284, 4483, 617, 1660, 45690, 13, 383, 1517, 546, 2082]"
"Hello, how are you doing today? I was thinking on going to the park to eat some watermelon. The thing about wat","['Hello', ',', 'Ġhow', 'Ġare', 'Ġyou', 'Ġdoing', 'Ġtoday', '?', 'ĠI', 'Ġwas', 'Ġthinking', 'Ġon', 'Ġgoing', 'Ġto', 'Ġthe', 'Ġpark', 'Ġto', 'Ġeat', 'Ġsome', 'Ġwater', 'melon', '.', 'ĠThe', 'Ġthing', 'Ġabout', 'Ġwat']","[15496, 11, 703, 389, 345, 1804, 1909, 30, 314, 373, 3612, 319, 1016, 284, 262, 3952, 284, 4483, 617, 1660, 45690, 13, 383, 1517, 546, 4383]"
"Hello, how are you doing today? I was thinking on going to the park to eat some watermelon. The thing about wate","['Hello', ',', 'Ġhow', 'Ġare', 'Ġyou', 'Ġdoing', 'Ġtoday', '?', 'ĠI', 'Ġwas', 'Ġthinking', 'Ġon', 'Ġgoing', 'Ġto', 'Ġthe', 'Ġpark', 'Ġto', 'Ġeat', 'Ġsome', 'Ġwater', 'melon', '.', 'ĠThe', 'Ġthing', 'Ġabout', 'Ġw', 'ate']","[15496, 11, 703, 389, 345, 1804, 1909, 30, 314, 373, 3612, 319, 1016, 284, 262, 3952, 284, 4483, 617, 1660, 45690, 13, 383, 1517, 546, 266, 378]"
"Hello, how are you doing today? I was thinking on going to the park to eat some watermelon. The thing about water","['Hello', ',', 'Ġhow', 'Ġare', 'Ġyou', 'Ġdoing', 'Ġtoday', '?', 'ĠI', 'Ġwas', 'Ġthinking', 'Ġon', 'Ġgoing', 'Ġto', 'Ġthe', 'Ġpark', 'Ġto', 'Ġeat', 'Ġsome', 'Ġwater', 'melon', '.', 'ĠThe', 'Ġthing', 'Ġabout', 'Ġwater']","[15496, 11, 703, 389, 345, 1804, 1909, 30, 314, 373, 3612, 319, 1016, 284, 262, 3952, 284, 4483, 617, 1660, 45690, 13, 383, 1517, 546, 1660]"
"Hello, how are you doing today? I was thinking on going to the park to eat some watermelon. The thing about waterm","['Hello', ',', 'Ġhow', 'Ġare', 'Ġyou', 'Ġdoing', 'Ġtoday', '?', 'ĠI', 'Ġwas', 'Ġthinking', 'Ġon', 'Ġgoing', 'Ġto', 'Ġthe', 'Ġpark', 'Ġto', 'Ġeat', 'Ġsome', 'Ġwater', 'melon', '.', 'ĠThe', 'Ġthing', 'Ġabout', 'Ġwater', 'm']","[15496, 11, 703, 389, 345, 1804, 1909, 30, 314, 373, 3612, 319, 1016, 284, 262, 3952, 284, 4483, 617, 1660, 45690, 13, 383, 1517, 546, 1660, 76]"
"Hello, how are you doing today? I was thinking on going to the park to eat some watermelon. The thing about waterme","['Hello', ',', 'Ġhow', 'Ġare', 'Ġyou', 'Ġdoing', 'Ġtoday', '?', 'ĠI', 'Ġwas', 'Ġthinking', 'Ġon', 'Ġgoing', 'Ġto', 'Ġthe', 'Ġpark', 'Ġto', 'Ġeat', 'Ġsome', 'Ġwater', 'melon', '.', 'ĠThe', 'Ġthing', 'Ġabout', 'Ġwater', 'me']","[15496, 11, 703, 389, 345, 1804, 1909, 30, 314, 373, 3612, 319, 1016, 284, 262, 3952, 284, 4483, 617, 1660, 45690, 13, 383, 1517, 546, 1660, 1326]"
"Hello, how are you doing today? I was thinking on going to the park to eat some watermelon. The thing about watermel","['Hello', ',', 'Ġhow', 'Ġare', 'Ġyou', 'Ġdoing', 'Ġtoday', '?', 'ĠI', 'Ġwas', 'Ġthinking', 'Ġon', 'Ġgoing', 'Ġto', 'Ġthe', 'Ġpark', 'Ġto', 'Ġeat', 'Ġsome', 'Ġwater', 'melon', '.', 'ĠThe', 'Ġthing', 'Ġabout', 'Ġwater', 'mel']","[15496, 11, 703, 389, 345, 1804, 1909, 30, 314, 373, 3612, 319, 1016, 284, 262, 3952, 284, 4483, 617, 1660, 45690, 13, 383, 1517, 546, 1660, 17694]"
"Hello, how are you doing today? I was thinking on going to the park to eat some watermelon. The thing about watermelo","['Hello', ',', 'Ġhow', 'Ġare', 'Ġyou', 'Ġdoing', 'Ġtoday', '?', 'ĠI', 'Ġwas', 'Ġthinking', 'Ġon', 'Ġgoing', 'Ġto', 'Ġthe', 'Ġpark', 'Ġto', 'Ġeat', 'Ġsome', 'Ġwater', 'melon', '.', 'ĠThe', 'Ġthing', 'Ġabout', 'Ġwater', 'mel', 'o']","[15496, 11, 703, 389, 345, 1804, 1909, 30, 314, 373, 3612, 319, 1016, 284, 262, 3952, 284, 4483, 617, 1660, 45690, 13, 383, 1517, 546, 1660, 17694, 78]"
"Hello, how are you doing today? I was thinking on going to the park to eat some watermelon. The thing about watermelon","['Hello', ',', 'Ġhow', 'Ġare', 'Ġyou', 'Ġdoing', 'Ġtoday', '?', 'ĠI', 'Ġwas', 'Ġthinking', 'Ġon', 'Ġgoing', 'Ġto', 'Ġthe', 'Ġpark', 'Ġto', 'Ġeat', 'Ġsome', 'Ġwater', 'melon', '.', 'ĠThe', 'Ġthing', 'Ġabout', 'Ġwater', 'melon']","[15496, 11, 703, 389, 345, 1804, 1909, 30, 314, 373, 3612, 319, 1016, 284, 262, 3952, 284, 4483, 617, 1660, 45690, 13, 383, 1517, 546, 1660, 45690]"
"Hello, how are you doing today? I was thinking on going to the park to eat some watermelon. The thing about watermelon,","['Hello', ',', 'Ġhow', 'Ġare', 'Ġyou', 'Ġdoing', 'Ġtoday', '?', 'ĠI', 'Ġwas', 'Ġthinking', 'Ġon', 'Ġgoing', 'Ġto', 'Ġthe', 'Ġpark', 'Ġto', 'Ġeat', 'Ġsome', 'Ġwater', 'melon', '.', 'ĠThe', 'Ġthing', 'Ġabout', 'Ġwater', 'melon', ',']","[15496, 11, 703, 389, 345, 1804, 1909, 30, 314, 373, 3612, 319, 1016, 284, 262, 3952, 284, 4483, 617, 1660, 45690, 13, 383, 1517, 546, 1660, 45690, 11]"
"Hello, how are you doing today? I was thinking on going to the park to eat some watermelon. The thing about watermelon, ","['Hello', ',', 'Ġhow', 'Ġare', 'Ġyou', 'Ġdoing', 'Ġtoday', '?', 'ĠI', 'Ġwas', 'Ġthinking', 'Ġon', 'Ġgoing', 'Ġto', 'Ġthe', 'Ġpark', 'Ġto', 'Ġeat', 'Ġsome', 'Ġwater', 'melon', '.', 'ĠThe', 'Ġthing', 'Ġabout', 'Ġwater', 'melon', ',', 'Ġ']","[15496, 11, 703, 389, 345, 1804, 1909, 30, 314, 373, 3612, 319, 1016, 284, 262, 3952, 284, 4483, 617, 1660, 45690, 13, 383, 1517, 546, 1660, 45690, 11, 220]"
"Hello, how are you doing today? I was thinking on going to the park to eat some watermelon. The thing about watermelon, i","['Hello', ',', 'Ġhow', 'Ġare', 'Ġyou', 'Ġdoing', 'Ġtoday', '?', 'ĠI', 'Ġwas', 'Ġthinking', 'Ġon', 'Ġgoing', 'Ġto', 'Ġthe', 'Ġpark', 'Ġto', 'Ġeat', 'Ġsome', 'Ġwater', 'melon', '.', 'ĠThe', 'Ġthing', 'Ġabout', 'Ġwater', 'melon', ',', 'Ġi']","[15496, 11, 703, 389, 345, 1804, 1909, 30, 314, 373, 3612, 319, 1016, 284, 262, 3952, 284, 4483, 617, 1660, 45690, 13, 383, 1517, 546, 1660, 45690, 11, 1312]"
"Hello, how are you doing today? I was thinking on going to the park to eat some watermelon. The thing about watermelon, is","['Hello', ',', 'Ġhow', 'Ġare', 'Ġyou', 'Ġdoing', 'Ġtoday', '?', 'ĠI', 'Ġwas', 'Ġthinking', 'Ġon', 'Ġgoing', 'Ġto', 'Ġthe', 'Ġpark', 'Ġto', 'Ġeat', 'Ġsome', 'Ġwater', 'melon', '.', 'ĠThe', 'Ġthing', 'Ġabout', 'Ġwater', 'melon', ',', 'Ġis']","[15496, 11, 703, 389, 345, 1804, 1909, 30, 314, 373, 3612, 319, 1016, 284, 262, 3952, 284, 4483, 617, 1660, 45690, 13, 383, 1517, 546, 1660, 45690, 11, 318]"
"Hello, how are you doing today? I was thinking on going to the park to eat some watermelon. The thing about watermelon, is ","['Hello', ',', 'Ġhow', 'Ġare', 'Ġyou', 'Ġdoing', 'Ġtoday', '?', 'ĠI', 'Ġwas', 'Ġthinking', 'Ġon', 'Ġgoing', 'Ġto', 'Ġthe', 'Ġpark', 'Ġto', 'Ġeat', 'Ġsome', 'Ġwater', 'melon', '.', 'ĠThe', 'Ġthing', 'Ġabout', 'Ġwater', 'melon', ',', 'Ġis', 'Ġ']","[15496, 11, 703, 389, 345, 1804, 1909, 30, 314, 373, 3612, 319, 1016, 284, 262, 3952, 284, 4483, 617, 1660, 45690, 13, 383, 1517, 546, 1660, 45690, 11, 318, 220]"
"Hello, how are you doing today? I was thinking on going to the park to eat some watermelon. The thing about watermelon, is t","['Hello', ',', 'Ġhow', 'Ġare', 'Ġyou', 'Ġdoing', 'Ġtoday', '?', 'ĠI', 'Ġwas', 'Ġthinking', 'Ġon', 'Ġgoing', 'Ġto', 'Ġthe', 'Ġpark', 'Ġto', 'Ġeat', 'Ġsome', 'Ġwater', 'melon', '.', 'ĠThe', 'Ġthing', 'Ġabout', 'Ġwater', 'melon', ',', 'Ġis', 'Ġt']","[15496, 11, 703, 389, 345, 1804, 1909, 30, 314, 373, 3612, 319, 1016, 284, 262, 3952, 284, 4483, 617, 1660, 45690, 13, 383, 1517, 546, 1660, 45690, 11, 318, 256]"
"Hello, how are you doing today? I was thinking on going to the park to eat some watermelon. The thing about watermelon, is th","['Hello', ',', 'Ġhow', 'Ġare', 'Ġyou', 'Ġdoing', 'Ġtoday', '?', 'ĠI', 'Ġwas', 'Ġthinking', 'Ġon', 'Ġgoing', 'Ġto', 'Ġthe', 'Ġpark', 'Ġto', 'Ġeat', 'Ġsome', 'Ġwater', 'melon', '.', 'ĠThe', 'Ġthing', 'Ġabout', 'Ġwater', 'melon', ',', 'Ġis', 'Ġth']","[15496, 11, 703, 389, 345, 1804, 1909, 30, 314, 373, 3612, 319, 1016, 284, 262, 3952, 284, 4483, 617, 1660, 45690, 13, 383, 1517, 546, 1660, 45690, 11, 318, 294]"
"Hello, how are you doing today? I was thinking on going to the park to eat some watermelon. The thing about watermelon, is tha","['Hello', ',', 'Ġhow', 'Ġare', 'Ġyou', 'Ġdoing', 'Ġtoday', '?', 'ĠI', 'Ġwas', 'Ġthinking', 'Ġon', 'Ġgoing', 'Ġto', 'Ġthe', 'Ġpark', 'Ġto', 'Ġeat', 'Ġsome', 'Ġwater', 'melon', '.', 'ĠThe', 'Ġthing', 'Ġabout', 'Ġwater', 'melon', ',', 'Ġis', 'Ġtha']","[15496, 11, 703, 389, 345, 1804, 1909, 30, 314, 373, 3612, 319, 1016, 284, 262, 3952, 284, 4483, 617, 1660, 45690, 13, 383, 1517, 546, 1660, 45690, 11, 318, 28110]"
"Hello, how are you doing today? I was thinking on going to the park to eat some watermelon. The thing about watermelon, is that","['Hello', ',', 'Ġhow', 'Ġare', 'Ġyou', 'Ġdoing', 'Ġtoday', '?', 'ĠI', 'Ġwas', 'Ġthinking', 'Ġon', 'Ġgoing', 'Ġto', 'Ġthe', 'Ġpark', 'Ġto', 'Ġeat', 'Ġsome', 'Ġwater', 'melon', '.', 'ĠThe', 'Ġthing', 'Ġabout', 'Ġwater', 'melon', ',', 'Ġis', 'Ġthat']","[15496, 11, 703, 389, 345, 1804, 1909, 30, 314, 373, 3612, 319, 1016, 284, 262, 3952, 284, 4483, 617, 1660, 45690, 13, 383, 1517, 546, 1660, 45690, 11, 318, 326]"
"Hello, how are you doing today? I was thinking on going to the park to eat some watermelon. The thing about watermelon, is that ","['Hello', ',', 'Ġhow', 'Ġare', 'Ġyou', 'Ġdoing', 'Ġtoday', '?', 'ĠI', 'Ġwas', 'Ġthinking', 'Ġon', 'Ġgoing', 'Ġto', 'Ġthe', 'Ġpark', 'Ġto', 'Ġeat', 'Ġsome', 'Ġwater', 'melon', '.', 'ĠThe', 'Ġthing', 'Ġabout', 'Ġwater', 'melon', ',', 'Ġis', 'Ġthat', 'Ġ']","[15496, 11, 703, 389, 345, 1804, 1909, 30, 314, 373, 3612, 319, 1016, 284, 262, 3952, 284, 4483, 617, 1660, 45690, 13, 383, 1517, 546, 1660, 45690, 11, 318, 326, 220]"
"Hello, how are you doing today? I was thinking on going to the park to eat some watermelon. The thing about watermelon, is that i","['Hello', ',', 'Ġhow', 'Ġare', 'Ġyou', 'Ġdoing', 'Ġtoday', '?', 'ĠI', 'Ġwas', 'Ġthinking', 'Ġon', 'Ġgoing', 'Ġto', 'Ġthe', 'Ġpark', 'Ġto', 'Ġeat', 'Ġsome', 'Ġwater', 'melon', '.', 'ĠThe', 'Ġthing', 'Ġabout', 'Ġwater', 'melon', ',', 'Ġis', 'Ġthat', 'Ġi']","[15496, 11, 703, 389, 345, 1804, 1909, 30, 314, 373, 3612, 319, 1016, 284, 262, 3952, 284, 4483, 617, 1660, 45690, 13, 383, 1517, 546, 1660, 45690, 11, 318, 326, 1312]"
"Hello, how are you doing today? I was thinking on going to the park to eat some watermelon. The thing about watermelon, is that it","['Hello', ',', 'Ġhow', 'Ġare', 'Ġyou', 'Ġdoing', 'Ġtoday', '?', 'ĠI', 'Ġwas', 'Ġthinking', 'Ġon', 'Ġgoing', 'Ġto', 'Ġthe', 'Ġpark', 'Ġto', 'Ġeat', 'Ġsome', 'Ġwater', 'melon', '.', 'ĠThe', 'Ġthing', 'Ġabout', 'Ġwater', 'melon', ',', 'Ġis', 'Ġthat', 'Ġit']","[15496, 11, 703, 389, 345, 1804, 1909, 30, 314, 373, 3612, 319, 1016, 284, 262, 3952, 284, 4483, 617, 1660, 45690, 13, 383, 1517, 546, 1660, 45690, 11, 318, 326, 340]"
"Hello, how are you doing today? I was thinking on going to the park to eat some watermelon. The thing about watermelon, is that it ","['Hello', ',', 'Ġhow', 'Ġare', 'Ġyou', 'Ġdoing', 'Ġtoday', '?', 'ĠI', 'Ġwas', 'Ġthinking', 'Ġon', 'Ġgoing', 'Ġto', 'Ġthe', 'Ġpark', 'Ġto', 'Ġeat', 'Ġsome', 'Ġwater', 'melon', '.', 'ĠThe', 'Ġthing', 'Ġabout', 'Ġwater', 'melon', ',', 'Ġis', 'Ġthat', 'Ġit', 'Ġ']","[15496, 11, 703, 389, 345, 1804, 1909, 30, 314, 373, 3612, 319, 1016, 284, 262, 3952, 284, 4483, 617, 1660, 45690, 13, 383, 1517, 546, 1660, 45690, 11, 318, 326, 340, 220]"
"Hello, how are you doing today? I was thinking on going to the park to eat some watermelon. The thing about watermelon, is that it i","['Hello', ',', 'Ġhow', 'Ġare', 'Ġyou', 'Ġdoing', 'Ġtoday', '?', 'ĠI', 'Ġwas', 'Ġthinking', 'Ġon', 'Ġgoing', 'Ġto', 'Ġthe', 'Ġpark', 'Ġto', 'Ġeat', 'Ġsome', 'Ġwater', 'melon', '.', 'ĠThe', 'Ġthing', 'Ġabout', 'Ġwater', 'melon', ',', 'Ġis', 'Ġthat', 'Ġit', 'Ġi']","[15496, 11, 703, 389, 345, 1804, 1909, 30, 314, 373, 3612, 319, 1016, 284, 262, 3952, 284, 4483, 617, 1660, 45690, 13, 383, 1517, 546, 1660, 45690, 11, 318, 326, 340, 1312]"
"Hello, how are you doing today? I was thinking on going to the park to eat some watermelon. The thing about watermelon, is that it is","['Hello', ',', 'Ġhow', 'Ġare', 'Ġyou', 'Ġdoing', 'Ġtoday', '?', 'ĠI', 'Ġwas', 'Ġthinking', 'Ġon', 'Ġgoing', 'Ġto', 'Ġthe', 'Ġpark', 'Ġto', 'Ġeat', 'Ġsome', 'Ġwater', 'melon', '.', 'ĠThe', 'Ġthing', 'Ġabout', 'Ġwater', 'melon', ',', 'Ġis', 'Ġthat', 'Ġit', 'Ġis']","[15496, 11, 703, 389, 345, 1804, 1909, 30, 314, 373, 3612, 319, 1016, 284, 262, 3952, 284, 4483, 617, 1660, 45690, 13, 383, 1517, 546, 1660, 45690, 11, 318, 326, 340, 318]"
"Hello, how are you doing today? I was thinking on going to the park to eat some watermelon. The thing about watermelon, is that it is ","['Hello', ',', 'Ġhow', 'Ġare', 'Ġyou', 'Ġdoing', 'Ġtoday', '?', 'ĠI', 'Ġwas', 'Ġthinking', 'Ġon', 'Ġgoing', 'Ġto', 'Ġthe', 'Ġpark', 'Ġto', 'Ġeat', 'Ġsome', 'Ġwater', 'melon', '.', 'ĠThe', 'Ġthing', 'Ġabout', 'Ġwater', 'melon', ',', 'Ġis', 'Ġthat', 'Ġit', 'Ġis', 'Ġ']","[15496, 11, 703, 389, 345, 1804, 1909, 30, 314, 373, 3612, 319, 1016, 284, 262, 3952, 284, 4483, 617, 1660, 45690, 13, 383, 1517, 546, 1660, 45690, 11, 318, 326, 340, 318, 220]"
"Hello, how are you doing today? I was thinking on going to the park to eat some watermelon. The thing about watermelon, is that it is v","['Hello', ',', 'Ġhow', 'Ġare', 'Ġyou', 'Ġdoing', 'Ġtoday', '?', 'ĠI', 'Ġwas', 'Ġthinking', 'Ġon', 'Ġgoing', 'Ġto', 'Ġthe', 'Ġpark', 'Ġto', 'Ġeat', 'Ġsome', 'Ġwater', 'melon', '.', 'ĠThe', 'Ġthing', 'Ġabout', 'Ġwater', 'melon', ',', 'Ġis', 'Ġthat', 'Ġit', 'Ġis', 'Ġv']","[15496, 11, 703, 389, 345, 1804, 1909, 30, 314, 373, 3612, 319, 1016, 284, 262, 3952, 284, 4483, 617, 1660, 45690, 13, 383, 1517, 546, 1660, 45690, 11, 318, 326, 340, 318, 410]"
"Hello, how are you doing today? I was thinking on going to the park to eat some watermelon. The thing about watermelon, is that it is ve","['Hello', ',', 'Ġhow', 'Ġare', 'Ġyou', 'Ġdoing', 'Ġtoday', '?', 'ĠI', 'Ġwas', 'Ġthinking', 'Ġon', 'Ġgoing', 'Ġto', 'Ġthe', 'Ġpark', 'Ġto', 'Ġeat', 'Ġsome', 'Ġwater', 'melon', '.', 'ĠThe', 'Ġthing', 'Ġabout', 'Ġwater', 'melon', ',', 'Ġis', 'Ġthat', 'Ġit', 'Ġis', 'Ġve']","[15496, 11, 703, 389, 345, 1804, 1909, 30, 314, 373, 3612, 319, 1016, 284, 262, 3952, 284, 4483, 617, 1660, 45690, 13, 383, 1517, 546, 1660, 45690, 11, 318, 326, 340, 318, 1569]"
"Hello, how are you doing today? I was thinking on going to the park to eat some watermelon. The thing about watermelon, is that it is ver","['Hello', ',', 'Ġhow', 'Ġare', 'Ġyou', 'Ġdoing', 'Ġtoday', '?', 'ĠI', 'Ġwas', 'Ġthinking', 'Ġon', 'Ġgoing', 'Ġto', 'Ġthe', 'Ġpark', 'Ġto', 'Ġeat', 'Ġsome', 'Ġwater', 'melon', '.', 'ĠThe', 'Ġthing', 'Ġabout', 'Ġwater', 'melon', ',', 'Ġis', 'Ġthat', 'Ġit', 'Ġis', 'Ġver']","[15496, 11, 703, 389, 345, 1804, 1909, 30, 314, 373, 3612, 319, 1016, 284, 262, 3952, 284, 4483, 617, 1660, 45690, 13, 383, 1517, 546, 1660, 45690, 11, 318, 326, 340, 318, 3326]"
"Hello, how are you doing today? I was thinking on going to the park to eat some watermelon. The thing about watermelon, is that it is very","['Hello', ',', 'Ġhow', 'Ġare', 'Ġyou', 'Ġdoing', 'Ġtoday', '?', 'ĠI', 'Ġwas', 'Ġthinking', 'Ġon', 'Ġgoing', 'Ġto', 'Ġthe', 'Ġpark', 'Ġto', 'Ġeat', 'Ġsome', 'Ġwater', 'melon', '.', 'ĠThe', 'Ġthing', 'Ġabout', 'Ġwater', 'melon', ',', 'Ġis', 'Ġthat', 'Ġit', 'Ġis', 'Ġvery']","[15496, 11, 703, 389, 345, 1804, 1909, 30, 314, 373, 3612, 319, 1016, 284, 262, 3952, 284, 4483, 617, 1660, 45690, 13, 383, 1517, 546, 1660, 45690, 11, 318, 326, 340, 318, 845]"
"Hello, how are you doing today? I was thinking on going to the park to eat some watermelon. The thing about watermelon, is that it is very ","['Hello', ',', 'Ġhow', 'Ġare', 'Ġyou', 'Ġdoing', 'Ġtoday', '?', 'ĠI', 'Ġwas', 'Ġthinking', 'Ġon', 'Ġgoing', 'Ġto', 'Ġthe', 'Ġpark', 'Ġto', 'Ġeat', 'Ġsome', 'Ġwater', 'melon', '.', 'ĠThe', 'Ġthing', 'Ġabout', 'Ġwater', 'melon', ',', 'Ġis', 'Ġthat', 'Ġit', 'Ġis', 'Ġvery', 'Ġ']","[15496, 11, 703, 389, 345, 1804, 1909, 30, 314, 373, 3612, 319, 1016, 284, 262, 3952, 284, 4483, 617, 1660, 45690, 13, 383, 1517, 546, 1660, 45690, 11, 318, 326, 340, 318, 845, 220]"
"Hello, how are you doing today? I was thinking on going to the park to eat some watermelon. The thing about watermelon, is that it is very g","['Hello', ',', 'Ġhow', 'Ġare', 'Ġyou', 'Ġdoing', 'Ġtoday', '?', 'ĠI', 'Ġwas', 'Ġthinking', 'Ġon', 'Ġgoing', 'Ġto', 'Ġthe', 'Ġpark', 'Ġto', 'Ġeat', 'Ġsome', 'Ġwater', 'melon', '.', 'ĠThe', 'Ġthing', 'Ġabout', 'Ġwater', 'melon', ',', 'Ġis', 'Ġthat', 'Ġit', 'Ġis', 'Ġvery', 'Ġg']","[15496, 11, 703, 389, 345, 1804, 1909, 30, 314, 373, 3612, 319, 1016, 284, 262, 3952, 284, 4483, 617, 1660, 45690, 13, 383, 1517, 546, 1660, 45690, 11, 318, 326, 340, 318, 845, 308]"
"Hello, how are you doing today? I was thinking on going to the park to eat some watermelon. The thing about watermelon, is that it is very go","['Hello', ',', 'Ġhow', 'Ġare', 'Ġyou', 'Ġdoing', 'Ġtoday', '?', 'ĠI', 'Ġwas', 'Ġthinking', 'Ġon', 'Ġgoing', 'Ġto', 'Ġthe', 'Ġpark', 'Ġto', 'Ġeat', 'Ġsome', 'Ġwater', 'melon', '.', 'ĠThe', 'Ġthing', 'Ġabout', 'Ġwater', 'melon', ',', 'Ġis', 'Ġthat', 'Ġit', 'Ġis', 'Ġvery', 'Ġgo']","[15496, 11, 703, 389, 345, 1804, 1909, 30, 314, 373, 3612, 319, 1016, 284, 262, 3952, 284, 4483, 617, 1660, 45690, 13, 383, 1517, 546, 1660, 45690, 11, 318, 326, 340, 318, 845, 467]"
"Hello, how are you doing today? I was thinking on going to the park to eat some watermelon. The thing about watermelon, is that it is very goo","['Hello', ',', 'Ġhow', 'Ġare', 'Ġyou', 'Ġdoing', 'Ġtoday', '?', 'ĠI', 'Ġwas', 'Ġthinking', 'Ġon', 'Ġgoing', 'Ġto', 'Ġthe', 'Ġpark', 'Ġto', 'Ġeat', 'Ġsome', 'Ġwater', 'melon', '.', 'ĠThe', 'Ġthing', 'Ġabout', 'Ġwater', 'melon', ',', 'Ġis', 'Ġthat', 'Ġit', 'Ġis', 'Ġvery', 'Ġgo', 'o']","[15496, 11, 703, 389, 345, 1804, 1909, 30, 314, 373, 3612, 319, 1016, 284, 262, 3952, 284, 4483, 617, 1660, 45690, 13, 383, 1517, 546, 1660, 45690, 11, 318, 326, 340, 318, 845, 467, 78]"
"Hello, how are you doing today? I was thinking on going to the park to eat some watermelon. The thing about watermelon, is that it is very good","['Hello', ',', 'Ġhow', 'Ġare', 'Ġyou', 'Ġdoing', 'Ġtoday', '?', 'ĠI', 'Ġwas', 'Ġthinking', 'Ġon', 'Ġgoing', 'Ġto', 'Ġthe', 'Ġpark', 'Ġto', 'Ġeat', 'Ġsome', 'Ġwater', 'melon', '.', 'ĠThe', 'Ġthing', 'Ġabout', 'Ġwater', 'melon', ',', 'Ġis', 'Ġthat', 'Ġit', 'Ġis', 'Ġvery', 'Ġgood']","[15496, 11, 703, 389, 345, 1804, 1909, 30, 314, 373, 3612, 319, 1016, 284, 262, 3952, 284, 4483, 617, 1660, 45690, 13, 383, 1517, 546, 1660, 45690, 11, 318, 326, 340, 318, 845, 922]"
"Hello, how are you doing today? I was thinking on going to the park to eat some watermelon. The thing about watermelon, is that it is very good ","['Hello', ',', 'Ġhow', 'Ġare', 'Ġyou', 'Ġdoing', 'Ġtoday', '?', 'ĠI', 'Ġwas', 'Ġthinking', 'Ġon', 'Ġgoing', 'Ġto', 'Ġthe', 'Ġpark', 'Ġto', 'Ġeat', 'Ġsome', 'Ġwater', 'melon', '.', 'ĠThe', 'Ġthing', 'Ġabout', 'Ġwater', 'melon', ',', 'Ġis', 'Ġthat', 'Ġit', 'Ġis', 'Ġvery', 'Ġgood', 'Ġ']","[15496, 11, 703, 389, 345, 1804, 1909, 30, 314, 373, 3612, 319, 1016, 284, 262, 3952, 284, 4483, 617, 1660, 45690, 13, 383, 1517, 546, 1660, 45690, 11, 318, 326, 340, 318, 845, 922, 220]"
"Hello, how are you doing today? I was thinking on going to the park to eat some watermelon. The thing about watermelon, is that it is very good f","['Hello', ',', 'Ġhow', 'Ġare', 'Ġyou', 'Ġdoing', 'Ġtoday', '?', 'ĠI', 'Ġwas', 'Ġthinking', 'Ġon', 'Ġgoing', 'Ġto', 'Ġthe', 'Ġpark', 'Ġto', 'Ġeat', 'Ġsome', 'Ġwater', 'melon', '.', 'ĠThe', 'Ġthing', 'Ġabout', 'Ġwater', 'melon', ',', 'Ġis', 'Ġthat', 'Ġit', 'Ġis', 'Ġvery', 'Ġgood', 'Ġf']","[15496, 11, 703, 389, 345, 1804, 1909, 30, 314, 373, 3612, 319, 1016, 284, 262, 3952, 284, 4483, 617, 1660, 45690, 13, 383, 1517, 546, 1660, 45690, 11, 318, 326, 340, 318, 845, 922, 277]"
"Hello, how are you doing today? I was thinking on going to the park to eat some watermelon. The thing about watermelon, is that it is very good fo","['Hello', ',', 'Ġhow', 'Ġare', 'Ġyou', 'Ġdoing', 'Ġtoday', '?', 'ĠI', 'Ġwas', 'Ġthinking', 'Ġon', 'Ġgoing', 'Ġto', 'Ġthe', 'Ġpark', 'Ġto', 'Ġeat', 'Ġsome', 'Ġwater', 'melon', '.', 'ĠThe', 'Ġthing', 'Ġabout', 'Ġwater', 'melon', ',', 'Ġis', 'Ġthat', 'Ġit', 'Ġis', 'Ġvery', 'Ġgood', 'Ġfo']","[15496, 11, 703, 389, 345, 1804, 1909, 30, 314, 373, 3612, 319, 1016, 284, 262, 3952, 284, 4483, 617, 1660, 45690, 13, 383, 1517, 546, 1660, 45690, 11, 318, 326, 340, 318, 845, 922, 11511]"
"Hello, how are you doing today? I was thinking on going to the park to eat some watermelon. The thing about watermelon, is that it is very good for","['Hello', ',', 'Ġhow', 'Ġare', 'Ġyou', 'Ġdoing', 'Ġtoday', '?', 'ĠI', 'Ġwas', 'Ġthinking', 'Ġon', 'Ġgoing', 'Ġto', 'Ġthe', 'Ġpark', 'Ġto', 'Ġeat', 'Ġsome', 'Ġwater', 'melon', '.', 'ĠThe', 'Ġthing', 'Ġabout', 'Ġwater', 'melon', ',', 'Ġis', 'Ġthat', 'Ġit', 'Ġis', 'Ġvery', 'Ġgood', 'Ġfor']","[15496, 11, 703, 389, 345, 1804, 1909, 30, 314, 373, 3612, 319, 1016, 284, 262, 3952, 284, 4483, 617, 1660, 45690, 13, 383, 1517, 546, 1660, 45690, 11, 318, 326, 340, 318, 845, 922, 329]"
"Hello, how are you doing today? I was thinking on going to the park to eat some watermelon. The thing about watermelon, is that it is very good for ","['Hello', ',', 'Ġhow', 'Ġare', 'Ġyou', 'Ġdoing', 'Ġtoday', '?', 'ĠI', 'Ġwas', 'Ġthinking', 'Ġon', 'Ġgoing', 'Ġto', 'Ġthe', 'Ġpark', 'Ġto', 'Ġeat', 'Ġsome', 'Ġwater', 'melon', '.', 'ĠThe', 'Ġthing', 'Ġabout', 'Ġwater', 'melon', ',', 'Ġis', 'Ġthat', 'Ġit', 'Ġis', 'Ġvery', 'Ġgood', 'Ġfor', 'Ġ']","[15496, 11, 703, 389, 345, 1804, 1909, 30, 314, 373, 3612, 319, 1016, 284, 262, 3952, 284, 4483, 617, 1660, 45690, 13, 383, 1517, 546, 1660, 45690, 11, 318, 326, 340, 318, 845, 922, 329, 220]"
"Hello, how are you doing today? I was thinking on going to the park to eat some watermelon. The thing about watermelon, is that it is very good for y","['Hello', ',', 'Ġhow', 'Ġare', 'Ġyou', 'Ġdoing', 'Ġtoday', '?', 'ĠI', 'Ġwas', 'Ġthinking', 'Ġon', 'Ġgoing', 'Ġto', 'Ġthe', 'Ġpark', 'Ġto', 'Ġeat', 'Ġsome', 'Ġwater', 'melon', '.', 'ĠThe', 'Ġthing', 'Ġabout', 'Ġwater', 'melon', ',', 'Ġis', 'Ġthat', 'Ġit', 'Ġis', 'Ġvery', 'Ġgood', 'Ġfor', 'Ġy']","[15496, 11, 703, 389, 345, 1804, 1909, 30, 314, 373, 3612, 319, 1016, 284, 262, 3952, 284, 4483, 617, 1660, 45690, 13, 383, 1517, 546, 1660, 45690, 11, 318, 326, 340, 318, 845, 922, 329, 331]"
"Hello, how are you doing today? I was thinking on going to the park to eat some watermelon. The thing about watermelon, is that it is very good for yo","['Hello', ',', 'Ġhow', 'Ġare', 'Ġyou', 'Ġdoing', 'Ġtoday', '?', 'ĠI', 'Ġwas', 'Ġthinking', 'Ġon', 'Ġgoing', 'Ġto', 'Ġthe', 'Ġpark', 'Ġto', 'Ġeat', 'Ġsome', 'Ġwater', 'melon', '.', 'ĠThe', 'Ġthing', 'Ġabout', 'Ġwater', 'melon', ',', 'Ġis', 'Ġthat', 'Ġit', 'Ġis', 'Ġvery', 'Ġgood', 'Ġfor', 'Ġyo']","[15496, 11, 703, 389, 345, 1804, 1909, 30, 314, 373, 3612, 319, 1016, 284, 262, 3952, 284, 4483, 617, 1660, 45690, 13, 383, 1517, 546, 1660, 45690, 11, 318, 326, 340, 318, 845, 922, 329, 27406]"
"Hello, how are you doing today? I was thinking on going to the park to eat some watermelon. The thing about watermelon, is that it is very good for you","['Hello', ',', 'Ġhow', 'Ġare', 'Ġyou', 'Ġdoing', 'Ġtoday', '?', 'ĠI', 'Ġwas', 'Ġthinking', 'Ġon', 'Ġgoing', 'Ġto', 'Ġthe', 'Ġpark', 'Ġto', 'Ġeat', 'Ġsome', 'Ġwater', 'melon', '.', 'ĠThe', 'Ġthing', 'Ġabout', 'Ġwater', 'melon', ',', 'Ġis', 'Ġthat', 'Ġit', 'Ġis', 'Ġvery', 'Ġgood', 'Ġfor', 'Ġyou']","[15496, 11, 703, 389, 345, 1804, 1909, 30, 314, 373, 3612, 319, 1016, 284, 262, 3952, 284, 4483, 617, 1660, 45690, 13, 383, 1517, 546, 1660, 45690, 11, 318, 326, 340, 318, 845, 922, 329, 345]"
"Hello, how are you doing today? I was thinking on going to the park to eat some watermelon. The thing about watermelon, is that it is very good for you.","['Hello', ',', 'Ġhow', 'Ġare', 'Ġyou', 'Ġdoing', 'Ġtoday', '?', 'ĠI', 'Ġwas', 'Ġthinking', 'Ġon', 'Ġgoing', 'Ġto', 'Ġthe', 'Ġpark', 'Ġto', 'Ġeat', 'Ġsome', 'Ġwater', 'melon', '.', 'ĠThe', 'Ġthing', 'Ġabout', 'Ġwater', 'melon', ',', 'Ġis', 'Ġthat', 'Ġit', 'Ġis', 'Ġvery', 'Ġgood', 'Ġfor', 'Ġyou', '.']","[15496, 11, 703, 389, 345, 1804, 1909, 30, 314, 373, 3612, 319, 1016, 284, 262, 3952, 284, 4483, 617, 1660, 45690, 13, 383, 1517, 546, 1660, 45690, 11, 318, 326, 340, 318, 845, 922, 329, 345, 13]"
